{
  "eye": {
    "orientation": [
      0.004208855796605349,
      0.019550155848264694,
      3.849711356451735E-5,
      0.9998000264167786
    ],
    "magnitude": 0.07870171219110489,
    "position": [
      572.5392456054688,
      65.0142822265625,
      5854.4521484375
    ]
  },
  "radius": 2000,
  "type": "ORTHOGRAPHIC"
}