{
  "eye": {
    "orientation": [
      0.04480152949690819,
      -0.10515116155147552,
      0.002463387791067362,
      0.9934435486793518
    ],
    "magnitude": 0.07870171219110489,
    "position": [
      -2673.739990234375,
      66.20657348632812,
      15321.943359375
    ]
  },
  "radius": 2000,
  "type": "ORTHOGRAPHIC"
}