{
  "eye": {
    "orientation": [
      0.07455794513225555,
      0.672686755657196,
      0.1577509641647339,
      0.7190607190132141
    ],
    "magnitude": 0.5773502588272095,
    "position": [
      123.01052856445312,
      -72.05448913574219,
      23.886991500854492
    ]
  },
  "radius": 100,
  "type": "ORTHOGRAPHIC"
}