{
  "eye": {
    "orientation": [
      0.06764884293079376,
      -0.09943719208240509,
      0.010822889395058155,
      0.9926826357841492
    ],
    "magnitude": 0.07870171219110489,
    "position": [
      56.98231506347656,
      -145.83631896972656,
      3449.4111328125
    ]
  },
  "radius": 2000,
  "type": "ORTHOGRAPHIC"
}