{
  "eye": {
    "orientation": [
      -0.041023727506399155,
      -0.1103772521018982,
      0.035067517310380936,
      0.992423415184021
    ],
    "magnitude": 0.2679491937160492,
    "position": [
      36.542015075683594,
      254.26368713378906,
      716.0098876953125
    ]
  },
  "radius": 2000,
  "type": "ORTHOGRAPHIC"
}