{
  "eye": {
    "orientation": [
      0.23056350648403168,
      -0.23000964522361755,
      -0.0435650609433651,
      0.9444777369499207
    ],
    "magnitude": 0.2679491937160492,
    "position": [
      -738.2714233398438,
      -376.7821044921875,
      1671.5975341796875
    ]
  },
  "radius": 2000,
  "type": "ORTHOGRAPHIC"
}