{
  "eye": {
    "orientation": [
      0,
      0,
      0,
      1
    ],
    "magnitude": 0.2679491937160492,
    "position": [
      0,
      0,
      373.205078125
    ]
  },
  "radius": 100,
  "type": "ORTHOGRAPHIC"
}