{
  "eye": {
    "orientation": [
      0.23699036240577698,
      -0.7999225854873657,
      0.017878903076052666,
      0.5510351657867432
    ],
    "magnitude": 0.2679491937160492,
    "position": [
      -32.58510208129883,
      -10.809185981750488,
      -14.63527774810791
    ]
  },
  "radius": 10,
  "type": "ORTHOGRAPHIC"
}