{
  "eye": {
    "orientation": [
      0.10997950285673141,
      -0.04344687610864639,
      -0.0012529670493677258,
      0.9929830431938171
    ],
    "magnitude": 0.07870171219110489,
    "position": [
      -1273.811279296875,
      -590.5625610351562,
      1229.8038330078125
    ]
  },
  "radius": 2000,
  "type": "ORTHOGRAPHIC"
}