{
  "eye": {
    "orientation": [
      0.04924515262246132,
      0.7174045443534851,
      -0.05479152128100395,
      -0.6927506923675537
    ],
    "magnitude": 0.5773502588272095,
    "position": [
      -199.50704956054688,
      -43.88655471801758,
      353.8253173828125
    ]
  },
  "radius": 100,
  "type": "ORTHOGRAPHIC"
}