{
  "eye": {
    "orientation": [
      0.10409995168447495,
      -0.2854948937892914,
      0.03806716948747635,
      0.9519489407539368
    ],
    "magnitude": 0.1051042377948761,
    "position": [
      -425.3505859375,
      -185.7118682861328,
      2499.668701171875
    ]
  },
  "radius": 2000,
  "type": "ORTHOGRAPHIC"
}