{
  "eye": {
    "orientation": [
      0.08628631383180618,
      0,
      0,
      0.9962704181671143
    ],
    "magnitude": 0.2679491937160492,
    "position": [
      0,
      126.93782043457031,
      126.61876678466797
    ]
  },
  "radius": 200,
  "type": "ORTHOGRAPHIC"
}